Objek Wisata;Kategori Wisata;Latitude;Longitude;HTM Weekday;HTM Weekend;Rating;Url
Kamwis Warungboto;Kampung/Desa Wisata;-7.813395;110.392984;0;0;4.9;https://kampungwisata.jogjakota.go.id/Customer/DetailKampung/15
Kamwis Dipowinatan;Kampung/Desa Wisata;-7.810554;110.370498;0;0;4.5;https://kampungwisata.jogjakota.go.id/Customer/DetailKampung/4
Taman Sari;Budaya dan Sejarah;-7.809953;110.359;15000;15000;4.6;https://travel.tribunnews.com/2025/01/25/harga-tiket-masuk-terbaru-taman-sari-jogja-per-januari-2025-lengkap-dengan-jam-buka-lokasi
Kamwis Surokarsan Sura Amerta;Kampung/Desa Wisata;-7.806818;110.374804;0;0;4.8;https://kampungwisata.jogjakota.go.id/Customer/DetailKampung/27
Kamwis Dewa Bronto;Kampung/Desa Wisata;-7.817436;110.373272;0;0;5;https://kampungwisata.jogjakota.go.id/Customer/DetailKampung/19
Kamwis Rejowinangun;Kampung/Desa Wisata;-7.815278;110.398837;0;0;4.5;https://kampungwisata.jogjakota.go.id/Customer/DetailKampung/12
Kamwis Cokrodiningratan;Kampung/Desa Wisata;-7.779638;110.370137;0;0;5;https://kampungwisata.jogjakota.go.id/Customer/DetailKampung/14
Kamwis Purbayan;Kampung/Desa Wisata;-7.830531;110.399126;0;0;4.9;https://kampungwisata.jogjakota.go.id/Customer/DetailKampung/34 
"Kebun Sayur Organik ""KT Gemah Ripah"" Bausasran Yogyakarta";Minat Khusus;-7.794925;110.374287;0;0;4.6;https://www.top-rated.online/cities/Yogyakarta/place/p/6967736/Kebun+Sayur+Organik+%22KT+Gemah+Ripah%22+Bausasran+Yogyakarta
Kamwis Gunungketur (Pakualaman);Kampung/Desa Wisata;-7.798269;110.377692;0;0;4.9;https://kampungwisata.jogjakota.go.id/Customer/DetailKampung/13
Kamwis Kauman;Kampung/Desa Wisata;-7.803266;110.362251;0;0;4.8;https://kampungwisata.jogjakota.go.id/Customer/DetailKampung/33
Desa Wisata Gabugan;Kampung/Desa Wisata;-7.66059;110.3797;30000;30000;4.5;https://www.desawisatagabugan.com/
Green Kayen;Alam;-7.737406;110.384956;10000;10000;4.5;https://radarjogja.jawapos.com/wisata/655513531/menikmati-wi\sata-green-kayen-di-kayen-condongcatur-kapanewon-depok-suguhkan-nuansa-alam-meski-ada-di-perkotaan#google_vignette
Kampung Wisata Prenggan Kotagede;Kampung/Desa Wisata;-7.826509582;110.391825;0;0;5;https://kampungwisata.jogjakota.go.id/Customer/DetailKampung/6
Wisata Kampung Nglarang Sidoarum;Kampung/Desa Wisata;-7.773871;110.329462;0;0;4.4;https://jadesta.kemenparekraf.go.id/desa/_nglarang_sidoarum 
Kampung Satwa (Iguana Farm etc);Kampung/Desa Wisata;-7.783403;110.257883;0;0;4.8;https://jadesta.kemenparekraf.go.id/desa/kampung_satwa
Desa Wisata Kembangarum ;Kampung/Desa Wisata;-7.656089;110.377185;0;0;4.5;https://jadesta.kemenparekraf.go.id/desa/kembangarum
Desa Wisata Pengklik;Kampung/Desa Wisata;-7.804003;110.478021;0;0;4.9;https://wisatapengklik.com/
Desa Wisata Pentingsari;Kampung/Desa Wisata;-7.642852;110.429573;0;0;4.5;https://jadesta.kemenparekraf.go.id/desa/pentingsari
Desa Wisata Plosokuning;Kampung/Desa Wisata;-7.62712;110.363467;0;0;4.9;https://jadesta.kemenparekraf.go.id/desa/plosokuning
Desa Wisata Pulesari;Kampung/Desa Wisata;-7.625876;110.371703;5000;5000;4.5;https://jadesta.kemenparekraf.go.id/desa/pulesari 
Desa Wisata Pulewulung;Kampung/Desa Wisata;-7.625449;110.368801;0;0;4.7;https://pulewulung.com/ 
Desa Wisata Sangurejo;Kampung/Desa Wisata;-7.647802;110.376161;0;0;4.7;https://jadesta.com/desa/sangurejo 
Desa Wisata Sukunan;Kampung/Desa Wisata;-7.785685;110.336167;10000;10000;4.4;https://jadesta.kemenparekraf.go.id/desa/sukunan 
Desa Wisata Tanjung;Kampung/Desa Wisata;-7.704665;110.379932;30000;30000;4.4;https://www.desawisatatanjung.com/ 
Tegalarum Adventure Park ;Minat Khusus;-7.91905;110.61772;20000;20000;4.1;http://www.tegalarumadventurepark.com/
Pura Pakualaman;Budaya dan Sejarah;-7.80099172;110.3761598;5000;5000;4.8;https://kebudayaan.jogjakota.go.id/page/index/kawasan-cagar-budaya-pakualaman 
Candi Kimpulan ;Budaya dan Sejarah;-7.68837335;110.4154711;0;0;4.7;https://library.uii.ac.id/candi/ 
Pesanggrahan Rejawinangun;Budaya dan Sejarah;-7.81056693;110.3931874;5000;5000;4.6;https://happytour.id/wisata-jogja-situs-warungboto/
Bukit Tompak;Alam;-7.8439954;110.4559501;0;0;4.5;https://jadesta.kemenparekraf.go.id/atraksi/bukit_tompak 
Embung Kladuan ;Buatan;-7.68891745;110.4159823;0;0;4.4;https://www.uii.ac.id/menteri-pupr-meninjau-pembangunan-embung-kladuan/
Desa Wisata Tlatar Kandangan ;Kampung/Desa Wisata;-7.61073;110.378833;0;0;4.7;https://jadesta.com/desa/tlatar_kandangan_1
Desa Wisata Tunggularum;Kampung/Desa Wisata;-7.599846;110.393663;0;0;4.3;https://jadesta.kemenparekraf.go.id/desa/tunggularum 
Desa Wisata Kaki Langit;Kampung/Desa Wisata;-7.931878;110.421909;20000;20000;4.6;https://jadesta.kemenparekraf.go.id/desa/kakilangit_mangunan_1 
Goa Gajah Lemahbang;Alam;-7.944531;110.440326;5000;5000;4.4;https://www.gudeg.net/direktori/593/goa-gajah-yogyakarta.html 
Watu Goyang;Alam;-7.927411;110.412058;3000;3000;4.4;https://yogyakarta.kompas.com/read/2023/11/15/215635178/watu-goyang-di-yogyakarta-daya-tarik-biaya-rute?page=all
Seribu Batu Songgo Langit;Alam;-7.930868;110.430858;5000;5000;4.6;https://www.detik.com/jateng/wisata/d-6736871/seribu-batu-songgo-langit-jogja-harga-tiket-daya-tarik-rute-perjalanan
Air Terjun Banyu Nibo;Alam;-7.903375;110.457201;7000;7000;4.5;https://g.co/kgs/VxcziNQ
Desa Wisata Kebonagung Imogiri ;Kampung/Desa Wisata;-7.932489;110.368464;0;0;4.6;https://desawisatabantul.com/desa-wisata-kebonagung/ 
Kampung Batik Giriloyo ;Minat Khusus;-7.915878;110.398302;0;0;4.6;https://batikgiriloyo.com/
Wisata Wayang Wukirsari;Minat Khusus;-7.905347;110.408823;0;0;4.6;https://www.wisatawayangwukirsari.com/
Wisata Air Srikeminut Sriharjo;Minat Khusus;-7.9453;110.417507;0;0;4.6;https://sriharjo.bantulkab.go.id/first/artikel/646-PROFIL-DESA-WISATA-SRIKEMINUT
Sendang Ngembel;Alam;-7.88605;110.292261;0;0;3.9;https://sendangsari.bantulkab.go.id/first/artikel/374-Sendang-Ngembel
Goa Selarong;Alam;-7.861959;110.314863;10000;10000;4.4;https://yogyakarta.kompas.com/read/2022/11/04/195944078/goa-selarong-daya-tarik-harga-tiket-jam-buka-dan-rute?page=all
Surocolo Goa Jepang;Alam;-8.000711;110.33045;3000;3000;4.4;https://www.yogyes.com/id/places/bantul/goa-surocolo/
Desa Wisata Jamu Kikingan;Kampung/Desa Wisata;-7.943172;110.363276;0;0;4.8;https://jadesta.kemenparekraf.go.id/desa/jamu_kiringan
Mangrove Jembatan Api-Api (MJAA);Alam;-7.893646;110.025906;3000;3000;4.3;https://homestaydijogja.net/mangrove-jembatan-api-api-harga-tiket-daya-tarik-fasilitas-dan-lokasi/
Towilifiets ;Kampung/Desa Wisata;-7.822061;110.231918;0;0;4.7;https://towilfiets.id/
Mahaloka Paradise;Kampung/Desa Wisata;-7.747156;110.205548;25000;25000;4.5;https://happytour.id/mahaloka-paradise/
Panorama Setro;Alam;-7.823271;110.106391;15000;15000;4.7;https://g.co/kgs/yUqSZfV
Kebun Teh Nglinggo;Alam;-7.647662;110.141876;10000;10000;4.5;https://travel.kompas.com/read/2022/02/17/193700727/harga-tiket-dan-jam-buka-kebun-teh-nglinggo-yogyakarta
Desa Wisata Tinalah ;Kampung/Desa Wisata;-7.695571;110.195886;0;0;4.5;https://www.dewitinalah.com/
Agrowisata Krisan Gerbosari;Alam;-7.677982;110.172866;15000;15000;4.4;https://taniku.kulonprogokab.go.id/agrowisata/detail/42
Desa Wisata Banjaroya ;Kampung/Desa Wisata;-7.652242;110.255893;0;0;5;https://desawisatabanjaroya.com/
Desa Wisata Banjarasri ;Kampung/Desa Wisata;-7.698511;110.225427;0;0;4.6;https://jadesta.kemenparekraf.go.id/desa/banjarasri
Desa Wisata Purwosari;Kampung/Desa Wisata;-7.734915;110.133387;7000;7000;4.3;https://jadesta.kemenparekraf.go.id/desa/purwosari
Curug Glimpang ;Alam;-7.708496;110.138224;10000;10000;4.1;https://tvriyogyakartanews.com/2024/06/03/curug-glimpang-kulonprogo/
Goa Kidang Kencono;Minat Khusus;-7.736415;110.132663;25000;25000;4.4;https://visitingjogja.jogjaprov.go.id/39989/menyusuri-pesona-goa-kidang-kencono/
Jurang Tembelan Kanigoro;Alam;-7.939985;110.429843;10000;10000;4.5;https://homestaydijogja.net/jurang-tembelan-kanigoro-harga-tiket-fasilitas-dan-daya-tarik/
Tlogo Putri Kaliurang;Alam;-7.593575;110.432319;6000;6000;4.6;https://jogja.idntimes.com/travel/destination/dyar-ayu-1/tlogo-putri-kaliurang
Taman Gardu Pandang Kaliurang;Buatan;-7.593007;110.424999;5000;5000;4.4;https://travel.kompas.com/read/2023/11/21/104000127/gardu-pandang-kaliurang-sleman--harga-tiket-jam-buka-dan-daya-tarik-?page=all
Bunker Kaliadem Merapi;Alam;-7.583171;110.448183;4000;4000;4.6;https://www.rri.co.id/lain-lain/912256/bunker-kaliadem-dan-kesiapan-di-tengah-bencana-alam
Agro Tourism Bhumi Merapi;Alam;-7.640045;110.426358;35000;35000;4.5;https://www.detik.com/jogja/plesir/d-7420865/agrowisata-bhumi-merapi-daya-tarik-harga-tiket-jam-buka-dan-rute
Teras Merapi;Alam;-7.587684;110.455878;10000;10000;4.7;https://www.instagram.com/wisata.terasmerapi/
Bukit Klangon;Alam;-7.576881;110.454824;4000;4000;4.6;https://kumparan.com/seputar-yogyakarta/harga-tiket-masuk-bukit-klangon-2024-spot-terbaik-menikmati-keindahan-merapi-22JEp0JREt1
Ledok Sambi;Alam;-7.647443;110.428179;5000;5000;4.7;https://www.detik.com/jogja/plesir/d-7311732/ledok-sambi-wisata-alam-yang-sejuk-dan-murah-di-yogyakarta
Tlogo Muncar;Alam;-7.591678;110.433975;5000;15000;4.4;https://tngmerapi.id/spot-wisata-merapi/tlogo-muncar-tlogo-nirmolo/
Kalikuning Park;Alam;-7.592453;110.441742;8000;8000;4.5;https://homestaydijogja.net/kali-kuning-park-harga-tiket-lokasi-dan-fasilitas/
Pluyon Kalikuning;Alam;-7.604915;110.435119;5000;15000;4.6;https://www.instagram.com/kalikuning_plunyon/
Wisata Lava Merapi dan Batu Alien;Alam;-7.602335;110.45526;5000;5000;4.5;https://homestaydijogja.net/batu-alien-merapi-jogja-harga-tiket-fasilitas-dan-daya-tarik/
Tebing Breksi;Alam;-7.78157;110.504589;10000;10000;4.5;https://tebingbreksi.com/
Agrowisata Turi Sleman;Alam;-7.634611;110.356646;3000;3000;4;https://xplorejogja.com/agrowisata-salak-turi/
Taman Wisata Satwa & Peternakan Sato Loka;Minat Khusus;-7.6234;110.425102;20000;20000;4.3;https://www.instagram.com/sato_loka/
Grojokan Watu Purbo;Alam;-7.630714;110.340766;3000;3000;4.5;https://www.instagram.com/grojogan_watupurbo/
Wisata Kali Opak 7 Bulan;Alam;-7.725696;110.483812;50000;50000;4.3;https://www.instagram.com/tujuhbulan/?hl=id
Desa Wisata Fauna Ketingan;Minat Khusus;-7.743061;110.32921;0;0;4.7;https://www.instagram.com/explore/locations/283688472478220/desa-wisata-ketingan-mlati-sleman-jogjakarta/
Desa Ekowisata Pancoh ;Kampung/Desa Wisata;-7.630427;110.397388;15000;15000;4.5;https://www.instagram.com/desaekowisatapancoh/
Goa Cerme;Minat Khusus;-7.979433;110.380311;10000;10000;4.5;https://happytour.id/wisata-jogja-goa-cerme/
Kebun Buah Mangunan;Alam;-7.941367;110.424735;7000;8000;4.7;https://www.instagram.com/kebun_buahmangunan/
Hutan Pinus Mangunan;Alam;-7.926108;110.430464;7000;7000;4.6;https://www.instagram.com/hutanpinusmangunan/
Hutan Pinus Pengger;Alam;-7.8712;110.459514;10000;10000;4.5;https://yogyakarta.kompas.com/read/2022/12/07/204045678/hutan-pinus-pengger-daya-tarik-harga-tiket-dan-rute?page=all
Puncak Becici;Alam;-7.902031;110.437464;5000;5000;4.5;https://www.instagram.com/puncakbecici/
Hutan Pinus Asri;Alam;-7.920913;110.435562;5000;5000;4.5;https://homestaydijogja.net/hutan-pinus-asri-harga-tiket-fasilitas-daya-tarik-dan-jam-buka/
Bukit Panguk Kediwung;Alam;-7.95836;110.440754;3000;3000;4.5;https://www.instagram.com/bukitpanguk_jogja/
Bukit Mojo Gumelem;Alam;-7.957359;110.433443;3000;3000;4.2;https://homestaydijogja.net/bukit-mojo-gumelem-harga-tiket-daya-tarik-fasilitas-dan-lokasi/
Puncak Sosok;Alam;-7.871689;110.42619;5000;5000;4.7;https://www.instagram.com/puncak_sosok/
Waduk Sermo;Alam;-7.820708;110.121761;10000;10000;4.6;https://www.detik.com/jogja/plesir/d-7133923/waduk-sermo-kulon-progo-wisata-alam-indah-di-jogja-berfasilitas-lengkap
Goa Kiskendo;Alam;-7.747163;110.131445;6000;6000;4.3;https://geoparkjogja.jogjaprov.go.id/location/goa-kiskendo
Wisata Alam Kalibiru;Alam;-7.807421;110.129266;20000;20000;4.4;https://www.instagram.com/wisatakalibiru/
Gua Maria Sendangsono;Budaya dan Sejarah;-7.667988;110.225537;0;0;4.8;https://kas.or.id/goa-maria-sendangsono/
Air Terjun Kedung Pedut;Alam;-7.769982;110.121075;10000;20000;4.5;https://homestaydijogja.net/air-terjun-kedung-pedut-harga-tiket-fasilitas-daya-tarik-dan-lokasi/
Air Terjun Kembang Soka;Alam;-7.766425;110.117563;10000;10000;4.7;https://www.instagram.com/explore/locations/238515639845742/air-terjun-kembang-soka/
Ekowisata Sungai Mudal;Alam;-7.762806;110.116165;10000;10000;4.7;https://www.instagram.com/ekowisatasungaimudal_official/
Bukit Wisata Pulepayung;Alam;-7.799933;110.123773;20000;20000;4.5;https://www.instagram.com/pulepayung/
Goa Kebon;Alam;-7.887082;110.18667;4000;4000;4.3;https://www.instagram.com/goakebonkulonprogo/?hl=id
Wisata Hutan Mangrove Wana Tirta;Alam;-7.893338;110.019827;5000;5000;4.1;https://www.instagram.com/mangrove_wanatirta_official/
Ayunan Langit Watu Jaran;Alam;-7.735634;110.130283;7000;7000;4.4;https://www.instagram.com/ayunanlangitjogja/
Bukit Paralayang Watugupit;Alam;-8.026851;110.345912;10000;10000;4.7;https://www.instagram.com/watugupityk/
Pesanggrahan Gembirowati;Budaya dan Sejarah;-8.016246;110.340002;10000;10000;4.5;https://wisata.gunungkidulkab.go.id/pesanggrahan-gembirowati/
Sendang Beji;Budaya dan Sejarah;-8.018332;110.343551;10000;10000;4.5;https://desasumberejo.gunungkidulkab.go.id/first/artikel/2359-CERITA-RAKYAT-SEJARAH-SENDANG-BEJI-LOGANTUNG
Gua Langse ;Alam;-8.040335;110.348656;10000;10000;4.5;https://www.traveloka.com/id-id/explore/destination/goa-langse-acc/404138
Gunung Gambar;Alam;-7.821204;110.671579;5000;5000;4.5;https://travel.kompas.com/read/2022/05/03/111100627/gunung-gambar-di-gunungkidul-petilasan-pangeran-sambernyawa
Green Village Gedangsari;Alam;-7.813094;110.615576;5000;5000;4.1;https://homestaydijogja.net/green-village-gedangsari-harga-tiket-daya-tarik-dan-fasilitas/
Gunung Gentong;Alam;-7.859428;110.570839;5000;5000;4.5;https://widyalokawisata.com/gunung-gentong-gedangsari/
Hutan Wonosadi;Alam;-7.833311;110.672215;5000;5000;4.4;https://gunungkidul.sorot.co/berita-106001-link.html
Telaga Jonge;Alam;-8.011692;110.6247;5000;5000;4.4;https://yogyakarta.kompas.com/read/2024/04/17/190252378/telaga-jonge-di-yogyakarta-daya-tarik-harga-tiket-dan-rute?page=all
Geoforest Watu Payung Turunan;Alam;-7.974313;110.43644;5000;5000;4.5;https://www.instagram.com/explore/locations/1016819451/wisata-alam-watu-payung-turunan-panggang-gunungkidul/
Waduk Beton Ponjong;Alam;-7.950978;110.726361;5000;5000;4.3;https://radarjogja.jawapos.com/wisata/655455029/surga-tersembunyi-waduk-beton-ponjong-di-gunungkidul-menawarkan-keindahan-alam-dan-aktivitas-seru
Goa Maria Tritis Gunungkidul;Alam;-8.085152;110.554561;10000;10000;4.5;https://www.detik.com/jogja/plesir/d-7337352/gua-maria-tritis-gunungkidul-tempat-ziarah-dengan-view-perbukitan-karst
Goa Tanding;Alam;-7.932618;110.649438;10000;10000;4.6;https://goatanding.com/
Gunung Ireng;Alam;-7.88101;110.488573;5000;5000;4.6;https://www.instagram.com/gunungireng/
Goa Song Gilap ;Alam;-7.965083;110.753798;0;0;4.6;https://radarsolo.jawapos.com/wonogiri/841660311/gua-song-gilap-saksi-kehidupan-prasejarah
Air Terjun Banyunibo;Alam;-7.855833;110.547949;3000;3000;4.1;https://www.yogyes.com/id/places/gunungkidul/air-terjun-banyunibo/
Wisata Watu Gendong;Alam;-7.84103;110.670353;5000;5000;4.7;https://www.instagram.com/watugendong_official/
Watu Giring;Alam;-7.997052;110.628649;0;0;4.2;https://widyalokawisata.com/watu-giring/
Kali Gowang;Alam;-8.014293;110.564477;0;0;4.5;https://desagiring.gunungkidulkab.go.id/first/artikel/132-KALI-GOWANG-1000-MISTERI
Air Terjun Luweng Sampang  ;Alam;-7.808988;110.572738;5000;5000;4;https://homestaydijogja.net/air-terjun-luweng-sampang-harga-tiket-daya-tarik-dan-fasilitas/
Air Terjun Penawangan Srunggo;Alam;-7.977134;110.380399;3000;3000;4.6;https://kumparan.com/seputar-yogyakarta/air-terjun-penawangan-srunggo-destinasi-wisata-alam-yang-menakjubkan-di-bantul-22Euui97G4V
Puncak Bukit Cendana;Alam;-7.827307;110.099881;5000;5000;4.2;https://homestaydijogja.net/puncak-bukit-cendana-harga-tiket-daya-tarik-fasilitas-dan-lokasi/
Puncak Bucu;Alam;-7.861857;110.443085;10000;10000;4.1;https://kumparan.com/seputar-yogyakarta/puncak-bucu-bantul-destinasi-wisata-yang-indah-dan-murah-22EtdyuHLBT
Puncak Segoro;Alam;-8.10175;110.455602;25000;25000;4.4;https://www.instagram.com/puncaksegoro/
Gumuk Pasir Barchan dan Sandboarding;Alam;-8.01819;110.316499;10000;10000;4.9;https://www.detik.com/jogja/plesir/d-7453464/pesona-gumuk-pasir-barchan-parangtritis-disebut-langka-dan-terancam-punah
Laguna Glagah;Alam;-7.914769;110.075398;10000;10000;4.7;https://visitingjogja.jogjaprov.go.id/36623/seputar-laguna-pantai-glagah-yogyakarta-lokasi-harga-tiket-dan-fasilitasnya/
Alamanda Flower Garden;Buatan;-7.65143;110.36146;15000;15000;4.5;https://labirutour.com/blog/alamanda-flower-garden
Bukit Isis;Alam;-7.645031;110.143489;3000;3000;4.5;https://www.instagram.com/puncak9.bukitngisis/
Grojogan Pucung;Alam;-7.990258;110.342052;0;0;4.6;https://widyalokawisata.com/grojogan-pucung/
Gunung Kendil;Alam;-7.646572;110.185573;5000;5000;4.1;https://www.yogyes.com/id/places/gunungkidul/gunung-kendil/
Selopamioro Adventure Park;Minat Khusus;-7.946245;110.426582;2000;2000;4.6;https://www.instagram.com/selopamioroadventurepark/
Bukit Pengilon;Alam;-8.185846;110.69162;5000;5000;4.7;https://www.instagram.com/bukitpengilongunungkidul/
Wisata Tebing Gunung Gajah;Alam;-7.77722;110.107394;5000;5000;4.5;https://homestaydijogja.net/tebing-gunung-gajah-harga-tiket-daya-tarik-dan-fasilitas/
Puncak Widosari;Alam;-7.658311;110.14881;6000;6000;4.6;https://www.instagram.com/desawisatawidosari/
Puncak Kosakora;Alam;-8.141113;110.584068;5000;5000;4.6;https://homestaydijogja.net/puncak-kosakora-harga-tiket-fasilitas-dan-jam-buka/
Pantai Parangtritis;Pantai;-8.024594;110.329794;15000;15000;4.6;https://www.instagram.com/pantaiparangtritiscom/
Pantai Samas;Pantai;-8.005446;110.265167;15000;15000;4.4;https://happytour.id/wisata-jogja-pantai-samas/
Pantai Goa Cemara;Pantai;-7.999358;110.249002;15000;15000;4.4;https://happytour.id/wisata-jogja-pantai-goa-cemara/
Pantai Kuwaru;Pantai;-7.990304;110.226399;15000;15000;4.1;https://widyalokawisata.com/pantai-kuwaru/
Pantai Pandansimo;Pantai;-7.98801;110.217801;15000;15000;4.3;https://kumparan.com/seputar-yogyakarta/pantai-pandansimo-destinasi-wisata-dengan-panorama-alam-yang-indah-di-bantul-22IrS1AAUzV
Pantai Patihan;Pantai;-7.997775;110.24491;15000;15000;4.4;http://unycommunity.com/pantai-pandansari-dan-patihan-surga-dunia-yang-tersembunyi-di-bantul/
Pantai Pandansari;Pantai;-8.000689;110.253333;15000;15000;4.3;https://www.instagram.com/pandansari_beach/
Pantai Baru;Pantai;-7.988947;110.221038;15000;15000;4.4;https://homestaydijogja.net/pantai-baru-bantul-jogja-harga-tiket-masuk-dan-fasilitasnya/
Pantai Glagah Indah;Pantai;-7.911889;110.064757;10000;10000;4.4;https://www.detik.com/jogja/plesir/d-7553464/daya-tarik-pantai-glagah-kulon-progo-ada-laguna-indah-dan-tetrapod-aesthetic
Pantai Trisik;Pantai;-7.96732;110.182614;5000;5000;4.1;https://yogyakarta.kompas.com/read/2024/09/12/224721778/pantai-trisik-di-kulon-progo-daya-tarik-aktivitas-dan-rute?page=all
Pantai Mlarangan Asri;Pantai;-7.945713;110.142261;0;0;4.6;https://kumparan.com/seputar-yogyakarta/pantai-mlarangan-asri-destinasi-wisata-hidden-gem-di-kulon-progo-21vswzMztmX
Pantai Congot;Pantai;-7.907411;110.053523;6000;6000;4.4;https://www.telkomsel.com/jelajah/jelajah-nusantara/jelajah-jogja/serba-serbi-pantai-congot-surga-favorit-di-kulon-progo
Pantai Baron;Pantai;-8.128806;110.548769;15000;15000;4.4;https://wisata.gunungkidulkab.go.id/pantai-baron/
Pantai Kukup;Pantai;-8.133713;110.554744;15000;15000;4.6;https://happytour.id/wisata-jogja-pantai-kukup/
Pantai Sepanjang;Pantai;-8.136661;110.565996;15000;15000;4.4;https://visitingjogja.jogjaprov.go.id/36701/pesona-dari-pantai-sepanjang-yang-bisa-di-explore/
Pantai Watu Kodok;Pantai;-8.136981;110.574152;15000;15000;4.7;https://www.traveloka.com/id-id/explore/destination/pantai-watu-kodok-acc/370272
Pantai Sanglen;Pantai;-8.136717;110.571643;15000;15000;4.5;https://visitingjogja.jogjaprov.go.id/36546/pantai-sanglen-spot-paling-keren-untuk-berkemah/
Pantai Drini;Pantai;-8.138443;110.577526;15000;15000;4.5;https://yogyakarta-airport.co.id/id/wisata/index/pantai-drini-1
Pantai Krakal;Pantai;-8.145007;110.599888;15000;15000;4.5;https://happytour.id/wisata-jogja-pantai-krakal/
Pantai Sarangan;Pantai;-8.147528;110.596252;15000;15000;4.5;https://bobobox.com/blog/pantai-sarangan-gunungkidul/
Pantai Slili;Pantai;-8.144932;110.602893;15000;15000;4.5;https://www.instagram.com/pantai_slili/
Pantai Sadranan;Pantai;-8.145657;110.604391;15000;15000;4.7;https://widyalokawisata.com/pantai-sadranan/
Pantai Ngandong;Pantai;-8.146401;110.606141;15000;15000;4.6;https://www.instagram.com/pantai_ngandong/
Pantai Sundak;Pantai;-8.147059;110.607906;15000;15000;4.5;https://alodiatour.com/pantai-sundak/
Pantai Somandeng;Pantai;-8.149088;110.610121;15000;15000;4.5;https://visitingjogja.jogjaprov.go.id/36801/pantai-somandeng-destinasi-wisata-menawan-di-gunungkidul/
Pantai Pulang Sawal;Pantai;-8.150651;110.612634;15000;15000;4.6;https://kumparan.com/seputar-yogyakarta/pantai-pulang-sawal-spot-terbaik-untuk-menikmati-keindahan-sunset-di-yogyakarta-223pAUJLkTU
Pantai Trenggole;Pantai;-8.151877;110.614803;15000;15000;4.6;https://www.yogyes.com/id/places/gunungkidul/pantai-trenggole/
Pantai Pok Tunggal;Pantai;-8.15543;110.62175;8000;8000;4.5;https://yogyakarta.kompas.com/read/2022/09/22/182310678/pantai-pok-tunggal-di-gunung-kidul-daya-tarik-harga-tiket-dan-rute?page=all
Pantai Seruni;Pantai;-8.159913;110.631564;8000;8000;4.5;https://wisata.gunungkidulkab.go.id/pantai-seruni/
Pantai Wediombo;Pantai;-8.186245;110.709899;8000;8000;4.5;https://kumparan.com/seputar-yogyakarta/pantai-pulang-sawal-spot-terbaik-untuk-menikmati-keindahan-sunset-di-yogyakarta-223pAUJLkTU
Pantai Jungwok;Pantai;-8.197819;110.712345;8000;8000;4.7;https://www.traveloka.com/id-id/explore/destination/pantai-jungwok-acc/372711
Pantai Watu Lumbung;Pantai;-8.186;110.700291;8000;8000;4.6;https://yogyakarta.kompas.com/read/2023/11/01/232626978/pantai-watu-lumbung-di-gunung-kidul-daya-tarik-harga-tiket-dan-rute?page=all
Pantai Sedahan;Pantai;-8.197893;110.720853;8000;8000;4.6;https://www.traveloka.com/id-id/explore/destination/pantai-sedahan-acc/482887
Pantai Greweng;Pantai;-8.197858;110.71863;8000;8000;4.6;https://widyalokawisata.com/pantai-greweng/
Pantai Torohudan;Pantai;-8.122553;110.5163;8000;8000;4.5;https://rri.co.id/voi/wisata/1027800/pantai-torohudan-surga-tersembunyi-di-gunungkidul
Pantai Ngrawah;Pantai;-8.125058;110.520164;15000;15000;4.7;https://xplorejogja.com/pantai-ngrawah/
Pantai Bopeso;Pantai;-8.124427;110.517757;15000;15000;4.5;https://elalephcruising.com/destinations/pantai-bopeso
Pantai Ngrenehan;Pantai;-8.12114;110.514236;8000;8000;4.5;https://www.yogyes.com/id/yogyakarta-tourism-object/beach/ngrenehan/
Pantai Ngobaran;Pantai;-8.118477;110.502871;8000;8000;4.6;https://www.detik.com/jogja/plesir/d-7477615/pantai-ngobaran-gunungkidul-sejarah-lokasi-tiket-masuk-daya-tarik
Pantai Nguyahan;Pantai;-8.118457;110.503065;8000;8000;4.5;https://widyalokawisata.com/pantai-nguyahan/
Pantai Siung;Pantai;-8.181804;110.683245;5000;5000;4.7;https://www.detik.com/jogja/plesir/d-6882856/pantai-siung-jogja-sejarah-daya-tarik-harga-dan-rute
Pantai Nglambor;Pantai;-8.182675;110.679208;5000;5000;4.4;https://www.traveloka.com/id-id/explore/destination/pantai-nglambor-acc/380742
Pantai Jogan;Pantai;-8.180081;110.676393;5000;5000;4.3;https://www.yogyes.com/id/yogyakarta-tourism-object/beach/jogan/
Pantai Ngedan;Pantai;-8.116386;110.496348;5000;5000;4.5;https://www.yogyes.com/id/places/gunungkidul/pantai-ngeden/
Pantai Timang;Pantai;-8.175914;110.662438;8000;8000;4.5;https://www.traveloka.com/id-id/explore/destination/pantai-timang-acc/380757
Pantai Gesing;Pantai;-8.108582;110.467932;8000;8000;4.4;https://www.inilah.com/pantai-gesing-tiket-foto-rute-fasilitas
Pantai Buron;Pantai;-8.109677;110.468715;8000;8000;4.5;https://jogja.idntimes.com/travel/destination/alicia-diahwahyuningtyas/pantai-buron-gunungkidul-c1c2
Pantai Tanjung Kesirat;Pantai;-8.096147;110.435059;8000;8000;4.7;https://www.detik.com/jogja/plesir/d-6882830/pantai-kesirat-jogja-kelebihan-kekurangan-fasilitas-harga-dan-rute
Pantai Nguluran;Pantai;-7.98894;110.221041;8000;8000;5;https://visitingjogja.jogjaprov.go.id/36543/pantai-nguluran-menghadirkan-spot-yang-anti-mainstream/
Pantai Watulawang;Pantai;-8.195735;110.707024;15000;15000;4.6;https://www.traveloka.com/id-id/explore/destination/pantai-watu-lawang-di-jogja-acc/370215#:~:text=Lokasi%20Pantai%20Watu%20Lawang%20di%20Jogja&text=Lokasi%20Pantai%20Watu%20Lawang%20terletak,letaknya%20ada%20di%20sebelah%20timur.
Pantai Midodaren;Pantai;-8.12559;110.521559;15000;15000;4.5;https://kumparan.com/seputar-yogyakarta/pantai-midodaren-daya-tarik-lokasi-jam-buka-harga-tiket-dan-cara-ke-sana-21ZkGTIPIYS
Pantai Ngetun;Pantai;-8.170317;110.652638;8000;8000;4.6;https://www.detik.com/jogja/plesir/d-7676141/pantai-ngetun-di-gunungkidul-spot-wisata-tersembunyi-di-yogya
Pantai Wohkudu;Pantai;-8.098875;110.440567;8000;8000;4.7;https://www.detik.com/jogja/plesir/d-7081555/pantai-wohkudu-gunungkidul-cocok-untuk-nikmati-sunset-dan-camping
Pantai Butuh;Pantai;-8.111703;110.485533;5000;5000;4.4;https://bobobox.com/blog/pantai-butuh/
Pantai Depok;Pantai;-8.013708;110.291478;15000;15000;4.3;https://travel.kompas.com/read/2023/08/19/231000427/pantai-depok-yogyakarta--harga-tiket-daya-tarik-dan-aktivitas-?page=all
Pantai Mbuluk;Pantai;-8.133429;110.55214;15000;15000;4.7;https://yogyakarta.kompas.com/read/2024/05/25/182548778/pantai-mbuluk-di-yogyakarta-daya-tarik-harga-tiket-dan-rute?page=all
Pantai Watunene;Pantai;-8.159442;110.629227;8000;8000;4.7;https://www.traveloka.com/id-id/explore/destination/pantai-watunene-acc/482871
Pantai Ngrumput;Pantai;-8.14037;110.583113;8000;8000;4.6;https://www.traveloka.com/id-id/explore/destination/pantai-ngrumput-acc/372742
Pantai Watu Bolong;Pantai;-8.13929;110.581021;5000;5000;4.6;https://widyalokawisata.com/pantai-watu-bolong-gunung-kidul/
Pantai Nglolang;Pantai;-8.136002;110.562856;15000;15000;4.4;https://jogja.idntimes.com/travel/destination/alicia-diahwahyuningtyas/pantai-nglolang-gunungkidul-c1c2
Pantai Ngrawe (MESRA);Pantai;-8.133338;110.553741;15000;15000;4.5;https://www.instagram.com/pantaimesrajogja/
Pantai Porok;Pantai;-8.134089;110.558071;15000;15000;4.6;https://travel.kompas.com/read/2024/10/03/190400027/pantai-porok-gunung-kidul-harga-tiket-lokasi-dan-jam-buka
Museum Benteng Vredebug;Museum;-7.80027;110.36616;10000;25000;4.6;https://kebudayaan.jogjakota.go.id/page/index/benteng-vredeburg
Monumen Yogya Kembali;Museum;-7.74959;110.36962;15000;15000;4.5;https://monjali-jogja.com/
Museum Sonobudoyo ;Museum;-7.80244;110.36394;10000;10000;4.8;https://sonobudoyo.jogjaprov.go.id/
Museum Afandi;Museum;-7.78273;110.39639;50000;50000;4.6;https://www.affandi.org/
Museum Pusat TNI Angkatan Udara Dirgantara Mandala;Museum;-7.79029;110.41576;6000;6000;4.6;https://www.instagram.com/museumdirgantara/
Museum Sandi;Museum;-7.78455;110.37116;0;0;4.8;https://kebudayaan.jogjakota.go.id/page/index/museum-sandi
Chocolate Kingdom Museum Factory Store & Kedai;Museum;-7.84069;110.29782;25000;25000;4.6;https://chocolatemonggo.com/id/rumah-cokelat/kerajaan-cokelat/museum/?srsltid=AfmBOor-WeBWbc4jRRQstlTER7Z9OHMh9tNzmo6RryN8WHXMeKiY87E7
Museum Kereta Keraton;Museum;-7.80546;110.36306;20000;20000;4.7;https://www.instagram.com/wahanarata/?hl=id
History of Java Museum;Museum;-7.8439;110.36226;35000;35000;4.5;https://thehistoryofjavamuseum.com/
Museum Biologi UGM;Museum;-7.80177;110.37438;7000;7000;4.5;https://museum.biologi.ugm.ac.id/
Museum Wayang Kekayon;Museum;-7.81459;110.41306;20000;20000;4.2;https://www.instagram.com/museumwayangkekayon/
Museum Dewantara Kirti Griya Tamansiswa;Museum;-7.80541;110.37848;5000;5000;4.7;https://kebudayaan.jogjakota.go.id/page/index/profil-museum-dewantara-kirti-griya
Museum TNI AD Dharma Wiratama;Museum;-7.78292;110.37559;0;0;4.7;https://kebudayaan.jogjakota.go.id/search/category/museum-pusat-tni-ad-dharma-wiratama
Jogja National Museum;Museum;-7.80012;110.35341;15000;20000;4.6;https://jogjanationalmuseum.com/
Museum Pendidikan Indonesia Universitas Negeri Yogyakarta;Museum;-7.77481;110.3872;10000;10000;4.6;https://budaya.jogjaprov.go.id/berita/detail/946-menilik-sejarah-mpi-uny-museum-pendidikan-pertama-di-indonesia
Museum Perjuangan;Museum;-7.81641;110.37176;5000;5000;4.5;https://wkmdisbuddiy.jogjaprov.go.id/museum/index?id=34
Museum Sasmitaloka Panglima Besar Jenderal Sudirman;Museum;-7.80234;110.37543;0;0;4.7;https://kebudayaan.jogjakota.go.id/detail/index/856
Museum Ullen Sentalu (Tur Adiluhung Mataram);Museum;-7.59823;110.42283;50000;50000;4.7;https://www.ullensentalu.com/berkunjung.html
Museum Ullen Sentalu (Tur Skriptorium);Museum;-7.59823;110.42283;60000;60000;4.7;https://www.ullensentalu.com/berkunjung.html
Museum Ullen Sentalu (Tur Vorstenlanden);Museum;-7.59823;110.42283;100000;100000;4.7;https://www.ullensentalu.com/berkunjung.html
Museum Batik Yogyakarta;Museum;-7.79567;110.37726;20000;20000;4.9;https://www.museumbatik.com/
Museum UGM;Museum;-7.77405;110.3779;0;0;4.6;https://museum.ugm.ac.id/
Museum Wayang Beber Sekartaji (Sanggar Bhuana Alit);Museum;-7.92475;110.30823;10000;15000;4.7;https://www.wayangbeber.org/profil/
Museum Gempa Prof Dr Sarwidi;Museum;-7.59857;110.43047;6000;6000;4.6;http://museumgempasarwidi.org/
Museum Geoteknologi UPN Veteran Yogyakarta;Museum;-7.7817;110.41461;0;0;4.6;https://wkmdisbuddiy.jogjaprov.go.id/museum/index?id=25
Museum Taman Tino Sidin;Museum;-7.79952;110.34499;5000;5000;4.7;https://wkmdisbuddiy.jogjaprov.go.id/museum/index?id=41
Museum Tani Jawa Indonesia;Museum;-7.92447;110.37146;15000;15000;4.5;https://www.museumdibantul.com/museum-tani-jawa-indonesia
Museum Purbakala Pleret;Museum;-7.86856;110.40521;3000;3000;4.5;https://pleret.id/mobile/berita/320
Museum Gumuk Pasir;Museum;-8.0092;110.30222;0;0;4.5;https://mgp.big.go.id/
Museum Memorial Jenderal Besar HM. Suharto;Museum;-7.79131;110.2805;0;0;4.5;https://wkmdisbuddiy.jogjaprov.go.id/museum/index?id=40
Museum Bahari - Jogja;Museum;-7.80113;110.34931;0;0;4.4;https://gudeg.net/direktori/1367/museum-bahari-yogyakarta.html
Diorama Arsip Jogja;Museum;-7.80037;110.407;30000;30000;4.9;https://dioramaarsip.jogjaprov.go.id/home
Museum Kotagede Intro Living Museum;Museum;-7.82634;110.39217;0;0;4.8;https://www.instagram.com/museumkotagede/?hl=id
Museum Monumen Pangeran Diponegoro Sasana Wiratama;Museum;-7.78719;110.35147;0;0;4.4;https://wkmdisbuddiy.jogjaprov.go.id/museum/index?id=31
Museum Gembira Loka Zoo;Museum;-7.80538;110.39812;60000;75000;4.5;https://kebudayaan.jogjakota.go.id/page/index/virtual-tour-museum-satwa-gembira-loka
Museum Batik Keraton Yogyakarta;Museum;-7.80752;110.36459;25000;25000;4.6;http://gregahmuseum.jogjaprov.go.id/daftar_museum/detail/26
Museum dr.YAP Prawirohusodo;Museum;-7.78013;110.37388;0;0;4.6;https://wkmdisbuddiy.jogjaprov.go.id/museum/index?id=28
Museum Pergerakan Wanita Indonesia Mandala Bhakti Wanitatama;Museum;-7.78392;110.39332;5000;5000;4.8;https://www.instagram.com/museumpergerakanwanitaindo/
Museorium Sejarah Universitas PGRI Yogyakarta;Museum;-7.805943473;110.3410714;0;0;4.9;https://wkmdisbuddiy.jogjaprov.go.id/museum/index?id=43
"Museum Air ""Water For Life"" Jogja Bay Waterpark";Museum;-7.74842;110.41834;15000;15000;4.6;https://gudeg.net/direktori/8004/museum-air-water-for-life-jogja-bay.html
Monumen Pahlawan Pancasila Kentungan;Museum;-7.75483;110.387988;0;0;4.5;https://budaya.jogjaprov.go.id/berita/detail/985-mengenal-museum-monumen-pahlawan-pancasila-jogja-mpp-1
Museum Serat Holistik Kehidupan Susilawati Susmono;Museum;-7.702199;110.386382;20000;20000;4.9;http://gregahmuseum.jogjaprov.go.id/daftar_museum/detail/54
Museum Mini Sisa Hartaku;Museum;-7.600535;110.449076;5000;5000;4.7;https://kebudayaan.slemankab.go.id/post/museum-mini-sisa-hartaku-the-house-of-memory
Museum Anak Bajang/Omah Petruk;Museum;-7.621842;110.415345;15000;15000;5;https://www.instagram.com/museumanakbajang/
Museum Plataran;Museum;-7.714682;110.463464;50000;50000;4.4;https://www.tempo.co/hiburan/monumen-plataran-di-sleman-saksi-cikal-bakal-akademi-militer-indonesia-215270
Purbakala Tamanwisata Prambanan;Museum;-7.754633;110.489125;50000;50000;4.5;https://maps.app.goo.gl/LdkGst2E57zuayrM7
Museum Muhammadiyah;Museum;-7.833984;110.383777;30000;30000;4.8;https://museum.muhammadiyah.or.id/
Museum Bantul Masa Belanda;Museum;-7.918931;110.319495;20000;20000;4.2;https://museum.co.id/directory-museum/listing/museum-bantul-masa-belanda/
Taman Rekreasi Anak Kaliurang;Buatan;-7.598494;110.426594;25000;25000;4.6;https://maps.app.goo.gl/WMUmzJDkoVo6WRY38
Kaliurang Park-Botanical Garden;Buatan;-7.59872;110.426334;25000;25000;4.6;https://kaliurangpark.com/
Balong Waterpark;Buatan;-7.843447;110.410386;20000;25000;4.2;https://www.balongpark.com/
Mini Zoo Jogja Exotarium;Buatan;-7.728867;110.358463;15000;25000;4.5;https://www.instagram.com/jogjaexotarium/
Bendungan Kamijoro;Buatan;-7.879517;110.265075;0;0;4.3;https://visitingjogja.jogjaprov.go.id/30641/bendungan-kamijoro-bendungan-unik-dan-tak-biasa-di-kulon-progo/
CitraGrand Mutiara Waterpark;Buatan;-7.81373;110.283183;35000;55000;4.4;https://www.instagram.com/waterparkcitragrandmutiara/channel/
Titik Nol Yogyakarta;Buatan;-7.801393;110.364763;0;0;4.8;https://travel.kompas.com/read/2023/06/28/105024327/kenapa-disebut-titik-nol-kilometer-yogyakarta-simak-sejarahnya?page=all
Taman Wisata Batu Kapal;Buatan;-7.820915;110.453688;0;0;4.5;https://www.instagram.com/batukapaljogja/?hl=id
Setren Opak;Kampung/Desa Wisata;-7.841098;110.446881;0;0;4.4;https://visitingjogja.jogjaprov.go.id/30140/eduwisata-setren-opak/
Heha Sky View;Buatan;-7.849594;110.47833;20000;25000;4.4;https://www.yogyes.com/id/yogyakarta-tourism-object/other/heha-sky-view/
Heha Forest;Buatan;-7.626249;110.424459;20000;25000;4.3;https://www.traveloka.com/id-id/explore/activities/heha-forest-ta/412710
Heha Ocean View;Buatan;-8.106063;110.461513;20000;25000;3.9;https://rri.co.id/wisata/1029769/heha-ocean-view-destinasi-wisata-instagramable
Teras Kaca Pantai Nguluran;Buatan;-8.106007;110.461866;10000;10000;4.1;https://homestaydijogja.net/teras-kaca-pantai-nguluran-harga-tiket-fasilitas-dan-lokasi/
Kids Fun Park;Buatan;-7.827878;110.441304;105000;105000;4.5;https://kidsfun.co.id/
Kids Fun Park - Arung Jeram;Buatan;-7.828567;110.441263;25000;25000;4.4;https://kidsfun.co.id/rides/detail/56-arung-jeram
Yogya Gokart;Buatan;-7.828739;110.441159;85000;85000;4.2;https://yogyagokart.com/
Kawan Konservasi Mangrove Baros;Buatan;-8.008116;110.28325;10000;10000;4.3;https://bksdajogja.org/kawasan-eksitu-/detail/73/kawasan-mangrove-baros.html
Embung Kleco;Buatan;-7.777807;110.163458;3000;3000;4.1;https://kumparan.com/seputar-yogyakarta/embung-kleco-pemandangan-dari-atas-bukit-yang-menakjubkan-22BebEaE5F5
Sindu Kusuma Edupark;Buatan;-7.768562;110.355505;80000;90000;4.2;https://travel.kompas.com/read/2024/07/18/120900327/harga-tiket-masuk-dan-wahana-di-sindu-kusuma-edupark
Embung Langensari;Buatan;-7.786615;110.381933;0;0;4.3;https://www.traveloka.com/id-id/explore/destination/embung-langensari-jogja-acc/334119
The Lost World Castle;Buatan;-7.604159;110.451003;30000;30000;4.3;https://www.detik.com/jogja/plesir/d-7055592/the-lost-world-castle-harga-tiket-jam-operasional-dan-daya-tarik
Taman Pintar Yogyakarta;Buatan;-7.801168;110.367633;25000;25000;4.5;https://tamanpintar.co.id/
The World Landmarks Merapi Park ;Buatan;-7.620904;110.421626;35000;35000;4.3;https://www.instagram.com/merapipark.jogja/
Taman Pelangi Jogja;Buatan;-7.750304;110.3695;30000;35000;4.2;https://www.instagram.com/tamanpelangijogja/
Suraloka Interactive Zoo;Buatan;-7.607577;110.421548;30000;30000;4.4;https://suralokazoo.com/
Obelix Village;Buatan;-8.025214;110.34718;30000;40000;4.4;https://www.traveloka.com/id-id/explore/activities/wahana-alamat-harga-tiket-masuk-obelix-village-ta/287546
Galaxi Waterpark;Buatan;-7.815965;110.413688;40000;45000;4.4;https://www.instagram.com/galaxywaterparkjogja/
Grand Puri Waterpark;Buatan;-7.877791;110.352739;30000;40000;4.2;https://www.instagram.com/grandpuri_waterpark/
Kolam Renang Tirta Taman Sari;Buatan;-7.881467;110.339618;10000;10000;4.1;https://www.instagram.com/explore/locations/527873570/kolam-renang-tirtasari-jakal-km-92-klabanan-yogyakarta/?hl=id
Embung Tonogoro;Buatan;-7.658953;110.234364;3000;3000;4.5;https://jadesta.kemenparekraf.go.id/atraksi/embung_tonogoro
Embung Batara Sriten;Buatan;-7.832108;110.633019;3000;3000;4.5;https://www.traveloka.com/id-id/explore/destination/embung-sriten-acc/330934
Candi Prambanan;Budaya dan Sejarah;-7.752022;110.491465;50000;50000;4.7;https://prambanan.injourneydestination.id/destination-info/
Candi Ratu Boko;Budaya dan Sejarah;-7.770541;110.489414;50000;50000;4.7;https://ratuboko.injourneydestination.id/destination-info/
Candi Gebang;Budaya dan Sejarah;-7.751461;110.416289;5000;5000;4.5;https://direktoribudaya.slemankab.go.id/detail/candi-gebang-6519
Candi Sari;Budaya dan Sejarah;-7.761528;110.474213;5000;5000;4.5;https://kebudayaan.slemankab.go.id/post/candi-sari-1
Candi Kalasan;Budaya dan Sejarah;-7.767248;110.472332;5000;5000;4.6;https://direktoribudaya.slemankab.go.id/detail/candi-kalasan-7893
Candi Sambisari;Budaya dan Sejarah;-7.762521;110.447039;5000;5000;4.6;https://kebudayaan.slemankab.go.id/post/candi-sambisari-1
Candi Banyunibo;Budaya dan Sejarah;-7.777899;110.494072;5000;5000;4.6;https://prambanan.slemankab.go.id/candi-banyunibo/
Candi Barong;Budaya dan Sejarah;-7.775662;110.497303;6000;6000;4.6;https://kebudayaan.slemankab.go.id/post/candi-barong-4
Candi Ijo;Budaya dan Sejarah;-7.783828;110.511882;7000;7000;4.8;https://prambanan.slemankab.go.id/pariwisata/candi-ijo/
Candi Kedulan;Budaya dan Sejarah;-7.742565;110.469702;5000;5000;4.6;https://kebudayaan.slemankab.go.id/post/candi-kedulan
Gamplong Studio Alam;Minat Khusus;-7.805798;110.236731;5000;5000;4.5;https://www.detik.com/jogja/plesir/d-7091016/daya-tarik-studio-alam-gamplong-lokasi-jam-buka-dan-harga-tiket
Masjid Kotagede;Budaya dan Sejarah;-7.829368;110.398177;0;0;4.8;https://budaya.jogjaprov.go.id/berita/detail/1388-masjid-gede-mataram-kotagede-saksi-persebaran-agama-islam-di-yogyakarta
Sendang Seliran;Budaya dan Sejarah;-7.829924;110.397695;0;0;4.5;https://jogjacagar.jogjaprov.go.id/detail/1150/displayrecords-i-nama-warisan
Monumen Situs Rumah Sandi Indonesia;Museum;-7.708133;110.203489;0;0;4.7;https://g.co/kgs/VHVY71Y
Tugu Jogja;Budaya dan Sejarah;-7.782923;110.367075;0;0;4.8;https://www.traveloka.com/id-id/explore/destination/tugu-yogyakarta-ikon-di-tengah-kota-yang-punya-sejarah-luar-biasa-trp/491695
Keraton Ngayogyakarta Hadiningrat;Budaya dan Sejarah;-7.805282;110.364209;15000;15000;4.6;https://www.kratonjogja.id/
Candi Sewu;Budaya dan Sejarah;-7.743915;110.492933;40000;40000;4.7;https://yogyakarta-airport.co.id/id/wisata/index/candi-sewu-1
Candi Morangan;Budaya dan Sejarah;-7.684678;110.469562;15000;15000;4.3;https://kebudayaan.slemankab.go.id/post/candi-morangan-3
Goa Rancang Kencono;Budaya dan Sejarah;-7.949454;110.492726;10000;10000;4.3;https://kumparan.com/seputar-yogyakarta/goa-rancang-kencono-jogja-gua-unik-dengan-pohon-klumpit-di-pintu-masuknya-22CvLW8VcxD
Rumah Dome Desa Teletubbies;Kampung/Desa Wisata;-7.813611;110.503345;10000;10000;4.1;https://visitingjogja.jogjaprov.go.id/30554/mengunjungi-desa-rumah-domes-ala-teletubbies-yang-unik/
Desa Wisata Trumpon;Kampung/Desa Wisata;-7.619077;110.361547;50000;50000;4;https://gudeg.net/direktori/1154/desa-wisata-trumpon.html
Watu Paris;Minat Khusus;-8.021734;110.348201;10000;10000;4.6;https://www.instagram.com/watuparis/
Pasar Beringharjo;Minat Khusus;-7.798807;110.365733;0;0;4.6;https://www.jogjaworldheritage.com/id/attributes/beringharjo-market
Alun-Alun Kidul;Minat Khusus;-7.811939;110.363267;0;0;4.7;https://www.detik.com/jogja/plesir/d-6918496/wisata-alun-alun-kidul-yogyakarta-aktivitas-menarik-dan-lokasi
Alun-Alun Lor;Minat Khusus;-7.803966;110.364389;0;0;4.6;https://www.jogjaworldheritage.com/id/attributes/northern-square
Jalan Malioboro;Minat Khusus;-7.79375;110.365708;0;0;4.7;https://perizinan.jogjakota.go.id/web/detail/35/keunikan_dari_jalan_malioboro_yogyakarta
Pantai Grigak;Pantai;-8.092102;110.433974;10000;10000;4.5;https://visitingjogja.jogjaprov.go.id/36601/pantai-grigak-pantai-asri-di-gunungkidul-yogyakarta/
Pantai Ngungap;Pantai;-8.196237;110.768494;10000;10000;4.4;https://visitingjogja.jogjaprov.go.id/36664/keindahan-pantai-ngungap-yang-tak-banyak-orang-tahu/
Bukit Bintang;Minat Khusus;-7.845832;110.479838;0;0;4.5;https://labirutour.com/obyek-wisata/yogyakarta-bukit-bintang
Nara Kupu Jogja;Minat Khusus;-7.644233;110.41479;0;0;4.6;https://www.instagram.com/nara_kupu_jogja/
Ibarbo Park;Buatan;-7.685144;110.339587;35000;35000;4.2;https://www.instagram.com/ibarbopark/?hl=id
Gembira Loka Zoo;Buatan;-7.804133;110.397985;60000;75000;4.5;https://www.instagram.com/glzoojogja/
Air Terjun Sri Gethuk;Alam;-7.943178;110.489239;15000;15000;4.4;https://www.traveloka.com/id-id/explore/destination/air-terjun-sri-gethuk-acc/362593
Waduk Mini Embung Banjaroya;Buatan;-7.658806;110.234857;0;0;4.3;https://gudeg.net/direktori/7475/embung-banjaroya-kulon-progo-yogyakarta.html
Goa Pindul ;Minat Khusus;-7.929386;110.648989;40000;40000;4.5;https://www.yogyes.com/id/yogyakarta-tourism-object/nature-and-outdoor/cave-tubing-pindul/
Wisata Sungai Oyo;Minat Khusus;-7.931077;110.647915;60000;60000;4.6;https://homestaydijogja.net/sungai-oyo-harga-tiket-masuk-fasilitas-dan-lokasi/
Dino Park Jogja;Buatan;-7.62089405;110.4216005;15000;15000;4.1;https://www.merapipark.com/dinoparkjogja
Sindu Kusuma Edupark Waterpark;Buatan;-7.768562;110.355505;30000;30000;4.2;https://skedupark.id/
Ekowisata Nologaten;Minat Khusus;-7.77508967;110.3986495;5000;5000;4.6;https://www.instagram.com/ekowisatanologaten/
Air Terjun Grojogan Sewu;Alam;-7.75196473;110.1358238;10000;10000;4.2;https://www.yogyes.com/id/places/kulon-progo/air-terjun-grojogan-sewu/
Kampung Wisata Patangpuluhan;Kampung/Desa Wisata;-7.826519217;110.3918698;0;0;5;https://kampungwisata.jogjakota.go.id/Customer/DetailKampung/26
Embung Pelangi UII;Buatan;-7.686022592;110.4089001;0;0;4.6;https://fcep.uii.ac.id/blog/pengerjaan-embung-pelangi-uii-tahap-finishing/
